step,cumulative_tokens,lr,lr_next,total_loss,lm_loss,mtp_loss,aux_loss,grad_norm,grad_norm_after_clip,muon_update_rms,validation_loss,reference_total_loss,reference_lm_loss,reference_mtp_loss,reference_aux_loss,reference_grad_norm,reference_muon_update_rms,absolute_difference,relative_difference
1,65536,3e-07,6e-07,12.04591965675354,10.959929466247559,10.859900712966919,0.0,0.9741048216819763,0.9741047526125853,0.17996834635558345,,,,,,,,,
2,131072,6e-07,9e-07,12.045668601989746,10.959390640258789,10.862777709960938,0.0,0.9758524894714355,0.975852542110254,0.17996047207167112,,,,,,,,,
3,196608,9e-07,1.2e-06,12.042688369750977,10.956846237182617,10.858419179916382,0.0,0.9702277779579163,0.970227771765957,0.1799608636658229,,,,,,,,,
4,262144,1.2e-06,1.4999999999999998e-06,12.050524950027466,10.964701652526855,10.858233213424683,0.0,0.9295734763145447,0.9295735087470316,0.17996136592663975,,,,,,,,,
5,327680,1.4999999999999998e-06,1.8e-06,12.050453186035156,10.964507102966309,10.85945987701416,0.0,0.9160532355308533,0.9160533050579542,0.17996337495588963,,,,,,,,,
6,393216,1.8e-06,2.1e-06,12.04445219039917,10.958333969116211,10.861181735992432,0.0,0.930128276348114,0.9301282828777461,0.17996556272918146,,,,,,,,,
7,458752,2.1e-06,2.4e-06,12.047538757324219,10.961889266967773,10.856493473052979,0.0,0.9105048179626465,0.9105048532086704,0.1799674014597052,,,,,,,,,
8,524288,2.4e-06,2.6999999999999996e-06,12.04398512840271,10.958026885986328,10.859583854675293,0.0,0.9651076793670654,0.9651076881646656,0.17996988712110498,,,,,,,,,
9,589824,2.6999999999999996e-06,2.9999999999999997e-06,12.045664072036743,10.959539413452148,10.861247301101685,0.0,0.9752638339996338,0.9752638527855276,0.17997095969042096,,,,,,,,,
10,655360,2.9999999999999997e-06,3.2999999999999997e-06,12.03820252418518,10.95194149017334,10.862610578536987,0.0,0.9383562207221985,0.9383561784053127,0.17997291753856182,,,,,,,,,
11,720896,3.2999999999999997e-06,3.6e-06,12.044272899627686,10.957993507385254,10.862793684005737,0.0,0.9436904788017273,0.9436904620435009,0.17997466255917052,,,,,,,,,
12,786432,3.6e-06,3.9e-06,12.037700891494751,10.951930046081543,10.857707023620605,0.0,0.9540327191352844,0.9540327386180562,0.17997580319764356,,,,,,,,,
13,851968,3.9e-06,4.2e-06,12.038027286529541,10.952176094055176,10.858512878417969,0.0,0.974797785282135,0.9747977679750292,0.1799772502659003,,,,,,,,,
14,917504,4.2e-06,4.499999999999999e-06,12.041939735412598,10.955986022949219,10.859537124633789,0.0,0.9246826767921448,0.9246826732702186,0.17997761628720396,,,,,,,,,
15,983040,4.499999999999999e-06,4.8e-06,12.043890476226807,10.957743644714355,10.861466646194458,0.0,0.9139251112937927,0.913925170120354,0.1799773438993279,,,,,,,,,
16,1048576,4.8e-06,5.0999999999999995e-06,12.032119035720825,10.9461088180542,10.86010193824768,0.0,0.8834920525550842,0.8834920316320255,0.17997702895033235,,,,,,,,,
17,1114112,5.0999999999999995e-06,5.399999999999999e-06,12.035396337509155,10.949665069580078,10.85731291770935,0.0,0.8980756998062134,0.8980756718636714,0.17997804189243496,,,,,,,,,
18,1179648,5.399999999999999e-06,5.7e-06,12.039519309997559,10.953433990478516,10.860853433609009,0.0,0.9305874705314636,0.9305874868897387,0.17998214467524729,,,,,,,,,
19,1245184,5.7e-06,5.999999999999999e-06,12.03924036026001,10.953104972839355,10.861353397369385,0.0,0.9401109218597412,0.9401109187034373,0.17998152330543685,,,,,,,,,
20,1310720,5.999999999999999e-06,6.299999999999999e-06,12.024914026260376,10.939225196838379,10.856889963150024,0.0,0.9593656063079834,0.9593655360738358,0.17998260431728838,,,,,,,,,
21,1376256,6.299999999999999e-06,6.5999999999999995e-06,12.029150485992432,10.94316577911377,10.859847068786621,0.0,0.9307460784912109,0.9307460807914782,0.1799820850919338,,,,,,,,,
22,1441792,6.5999999999999995e-06,6.899999999999999e-06,12.025034427642822,10.939387321472168,10.856472253799438,0.0,0.9334429502487183,0.9334430050300143,0.17998237449641458,,,,,,,,,
23,1507328,6.899999999999999e-06,7.2e-06,12.022842168807983,10.9370756149292,10.857662916183472,0.0,0.9676106572151184,0.9676106651009112,0.1799822978893914,,,,,,,,,
24,1572864,7.2e-06,7.499999999999999e-06,12.022287607192993,10.9363431930542,10.859442949295044,0.0,0.9099781513214111,0.9099781413911527,0.17998292776839137,,,,,,,,,
25,1638400,7.499999999999999e-06,7.8e-06,12.01929759979248,10.933518409729004,10.857792615890503,0.0,0.9495813250541687,0.9495813509833803,0.17998464715660237,,,,,,,,,
26,1703936,7.8e-06,8.1e-06,12.017239093780518,10.931368827819824,10.858701467514038,0.0,0.9798327684402466,0.9798327446413029,0.1799854642858358,,,,,,,,,
27,1769472,8.1e-06,8.4e-06,12.019707679748535,10.933950424194336,10.857570171356201,0.0,0.9351040720939636,0.9351040706415107,0.17998598350144204,,,,,,,,,
28,1835008,8.4e-06,8.7e-06,12.01512622833252,10.929523468017578,10.856030464172363,0.0,0.9573045969009399,0.9573045952715603,0.17998457906233212,,,,,,,,,
29,1900544,8.7e-06,8.999999999999999e-06,12.01953411102295,10.933414459228516,10.861196994781494,0.0,0.883058488368988,0.883058443270849,0.1799856941027643,,,,,,,,,
30,1966080,8.999999999999999e-06,9.299999999999999e-06,12.010998725891113,10.925430297851562,10.855684995651245,0.0,0.9584639668464661,0.9584639586733321,0.17998754965091904,,,,,,,,,
31,2031616,9.299999999999999e-06,9.6e-06,12.007550477981567,10.922164916992188,10.853857517242432,0.0,0.9578426480293274,0.9578426630096765,0.17998672401946927,,,,,,,,,
32,2097152,9.6e-06,9.899999999999998e-06,12.0046865940094,10.91917610168457,10.85510540008545,0.0,0.968137800693512,0.9681378359726006,0.1799873198363598,,,,,,,,,
33,2162688,9.899999999999998e-06,1.0199999999999999e-05,11.995059251785278,10.90914249420166,10.85916805267334,0.0,0.9968573451042175,0.9968573766749877,0.17998949880704895,,,,,,,,,
34,2228224,1.0199999999999999e-05,1.05e-05,11.99931025505066,10.913414001464844,10.858960151672363,0.0,0.9543046951293945,0.9543046442015525,0.17998791565127797,,,,,,,,,
35,2293760,1.05e-05,1.0799999999999998e-05,11.998950481414795,10.913323402404785,10.856268167495728,0.0,0.9691803455352783,0.9691803925528626,0.17998915834461762,,,,,,,,,
36,2359296,1.0799999999999998e-05,1.1099999999999999e-05,11.986725091934204,10.90090560913086,10.858196020126343,0.0,0.9357700943946838,0.9357701211625831,0.17998833272054718,,,,,,,,,
37,2424832,1.1099999999999999e-05,1.14e-05,11.986097812652588,10.900252342224121,10.858454465866089,0.0,0.9540350437164307,0.9540350519717223,0.17998955838790826,,,,,,,,,
38,2490368,1.14e-05,1.1699999999999998e-05,11.982768774032593,10.897073745727539,10.856948137283325,0.0,0.9684520363807678,0.9684520255431507,0.17999012866084918,,,,,,,,,
39,2555904,1.1699999999999998e-05,1.1999999999999999e-05,11.980250120162964,10.894723892211914,10.855263710021973,0.0,1.0180728435516357,0.9999990214571507,0.17998957541100727,,,,,,,,,
40,2621440,1.1999999999999999e-05,1.2299999999999999e-05,11.980824708938599,10.894976615905762,10.858479261398315,0.0,0.9349410533905029,0.9349410529581004,0.17998920090245676,,,,,,,,,
41,2686976,1.2299999999999999e-05,1.2599999999999998e-05,11.971404790878296,10.885966300964355,10.854384183883667,0.0,1.0420805215835571,0.9999990580258202,0.17999025633364812,,,,,,,,,
42,2752512,1.2599999999999998e-05,1.2899999999999998e-05,11.976897239685059,10.891450881958008,10.854462385177612,0.0,0.9362314939498901,0.9362315378841869,0.17999029889122764,,,,,,,,,
43,2818048,1.2899999999999998e-05,1.3199999999999999e-05,11.972127199172974,10.886588096618652,10.855393171310425,0.0,1.0059852600097656,0.9999990607388269,0.17999081809288758,,,,,,,,,
44,2883584,1.3199999999999999e-05,1.3499999999999998e-05,11.96551775932312,10.88010025024414,10.854177951812744,0.0,0.9598499536514282,0.9598499534636539,0.17998929452966744,,,,,,,,,
45,2949120,1.3499999999999998e-05,1.3799999999999998e-05,11.960777282714844,10.875691413879395,10.85085940361023,0.0,0.9041569828987122,0.9041569795962393,0.1799894307146142,,,,,,,,,
46,3014656,1.3799999999999998e-05,1.4099999999999997e-05,11.94951605796814,10.864413261413574,10.851028203964233,0.0,1.028275966644287,0.9999990210306926,0.17999097981113152,,,,,,,,,
47,3080192,1.4099999999999997e-05,1.44e-05,11.96245789527893,10.876870155334473,10.855874061584473,0.0,0.9680616855621338,0.9680617301362446,0.17999230759753496,,,,,,,,,
48,3145728,1.44e-05,1.47e-05,11.946219682693481,10.860860824584961,10.853588581085205,0.0,1.0164928436279297,0.99999905919714,0.17999304808954394,,,,,,,,,
49,3211264,1.47e-05,1.4999999999999999e-05,11.94297981262207,10.857808113098145,10.85171890258789,0.0,0.9802404046058655,0.9802404261566027,0.17999155859102445,,,,,,,,,
50,3276800,1.4999999999999999e-05,1.53e-05,11.946220874786377,10.860623359680176,10.855973482131958,0.0,0.9508506655693054,0.9508506716587942,0.1799924182459598,,,,,,,,,
51,3342336,1.53e-05,1.56e-05,11.929630994796753,10.844347953796387,10.852831363677979,0.0,0.9952591061592102,0.9952590962787021,0.17999133729304986,,,,,,,,,
52,3407872,1.56e-05,1.5899999999999997e-05,11.93085241317749,10.845287322998047,10.8556489944458,0.0,0.9565576910972595,0.9565576606001593,0.17999243526878833,,,,,,,,,
53,3473408,1.5899999999999997e-05,1.62e-05,11.932501316070557,10.847314834594727,10.851865768432617,0.0,0.9645816087722778,0.9645816425723438,0.1799928863731583,,,,,,,,,
54,3538944,1.62e-05,1.6499999999999998e-05,11.922853708267212,10.837839126586914,10.85014796257019,0.0,0.9782713651657104,0.9782713299336402,0.17999059679400256,,,,,,,,,
55,3604480,1.6499999999999998e-05,1.68e-05,11.913891315460205,10.829181671142578,10.847098350524902,0.0,1.026541829109192,0.9999991270267059,0.1799932098057843,,,,,,,,,
56,3670016,1.68e-05,1.7099999999999996e-05,11.91930103302002,10.834383010864258,10.849179744720459,0.0,0.9749637246131897,0.9749637102250066,0.1799910904603726,,,,,,,,,
57,3735552,1.7099999999999996e-05,1.74e-05,11.91622519493103,10.83127498626709,10.849501132965088,0.0,1.0067473649978638,0.9999989701477248,0.1799939928507877,,,,,,,,,
58,3801088,1.74e-05,1.7699999999999997e-05,11.895655870437622,10.810754776000977,10.849009990692139,0.0,1.0487810373306274,0.9999990822353906,0.17999365239685697,,,,,,,,,
59,3866624,1.7699999999999997e-05,1.7999999999999997e-05,11.883680820465088,10.798859596252441,10.84821343421936,0.0,1.099118709564209,0.9999991775977963,0.17999343961282327,,,,,,,,,
60,3932160,1.7999999999999997e-05,1.8299999999999998e-05,11.901358842849731,10.816629409790039,10.847298860549927,0.0,1.0086835622787476,0.999999058948036,0.17999294595289625,,,,,,,,,
61,3997696,1.8299999999999998e-05,1.8599999999999998e-05,11.8856680393219,10.800638198852539,10.850298643112183,0.0,1.026029348373413,0.9999990513325445,0.17999458013230474,,,,,,,,,
62,4063232,1.8599999999999998e-05,1.8899999999999995e-05,11.878790378570557,10.794206619262695,10.845837116241455,0.0,1.0543850660324097,0.9999991516832977,0.17999503974259018,,,,,,,,,
63,4128768,1.8899999999999995e-05,1.92e-05,11.874139070510864,10.789361953735352,10.847770929336548,0.0,1.0221210718154907,0.9999990212648173,0.17999417158884357,,,,,,,,,
64,4194304,1.92e-05,1.95e-05,11.880348205566406,10.79525899887085,10.850892066955566,0.0,1.0184063911437988,0.999999151000546,0.17999324385129006,,,,,,,,,
65,4259840,1.95e-05,1.9799999999999997e-05,11.869588613510132,10.784953117370605,10.84635591506958,0.0,1.012306571006775,0.9999990856004942,0.17999490356188722,,,,,,,,,
66,4325376,1.9799999999999997e-05,2.01e-05,11.860514640808105,10.775747299194336,10.847674369812012,0.0,1.0599154233932495,0.999999089921266,0.17999418010017512,,,,,,,,,
67,4390912,2.01e-05,2.0399999999999998e-05,11.84311294555664,10.758607387542725,10.84505295753479,0.0,1.1218549013137817,0.9999991623107936,0.17999549084043281,,,,,,,,,
68,4456448,2.0399999999999998e-05,2.07e-05,11.845024585723877,10.76017951965332,10.848449945449829,0.0,1.0868321657180786,0.9999990869285897,0.17999658027961707,,,,,,,,,
69,4521984,2.07e-05,2.1e-05,11.83695125579834,10.75255298614502,10.84398341178894,0.0,1.1194672584533691,0.9999991187315005,0.17999566106574003,,,,,,,,,
70,4587520,2.1e-05,2.13e-05,11.837602376937866,10.753170490264893,10.84432053565979,0.0,1.0727105140686035,0.9999990765934327,0.1799962908979769,,,,,,,,,
71,4653056,2.13e-05,2.1599999999999996e-05,11.835482835769653,10.750988960266113,10.844940662384033,0.0,1.0526669025421143,0.9999991084395115,0.17999610365078533,,,,,,,,,
72,4718592,2.1599999999999996e-05,2.19e-05,11.82345986366272,10.739267826080322,10.841922998428345,0.0,1.085994005203247,0.9999992152844611,0.1799970058400075,,,,,,,,,
73,4784128,2.19e-05,2.2199999999999998e-05,11.80297565460205,10.718621253967285,10.843544006347656,0.0,1.130124568939209,0.9999991869370227,0.17999844422667952,,,,,,,,,
74,4849664,2.2199999999999998e-05,2.2499999999999998e-05,11.799914836883545,10.715938091278076,10.839766502380371,0.0,1.1013306379318237,0.9999991220461242,0.17999810378116823,,,,,,,,,
75,4915200,2.2499999999999998e-05,2.28e-05,11.80073618888855,10.716351985931396,10.843839883804321,0.0,1.0958855152130127,0.9999991680909655,0.17999959322552622,,,,,,,,,
76,4980736,2.28e-05,2.31e-05,11.796931505203247,10.71287202835083,10.840592622756958,0.0,1.139204502105713,0.9999991810112075,0.17999995920139653,,,,,,,,,
77,5046272,2.31e-05,2.3399999999999996e-05,11.779469728469849,10.695768356323242,10.837013244628906,0.0,1.1587529182434082,0.9999991612501539,0.1800003507096433,,,,,,,,,
78,5111808,2.3399999999999996e-05,2.37e-05,11.772763967514038,10.688921928405762,10.838420391082764,0.0,1.2025634050369263,0.9999992632958966,0.1800008954153527,,,,,,,,,
79,5177344,2.37e-05,2.3999999999999997e-05,11.766416788101196,10.682603359222412,10.838135480880737,0.0,1.198742151260376,0.9999992726084146,0.18000127841056762,,,,,,,,,
80,5242880,2.3999999999999997e-05,2.4299999999999998e-05,11.754995107650757,10.67132568359375,10.836693048477173,0.0,1.266282320022583,0.9999991783397925,0.18000136352050472,,,,,,,,,
81,5308416,2.4299999999999998e-05,2.4599999999999998e-05,11.741214990615845,10.657861709594727,10.833532571792603,0.0,1.2452528476715088,0.9999993027098102,0.18000251250071692,,,,,,,,,
82,5373952,2.4599999999999998e-05,2.49e-05,11.745589971542358,10.662166595458984,10.83423376083374,0.0,1.210197925567627,0.9999991789961087,0.1800016188500746,,,,,,,,,
83,5439488,2.49e-05,2.5199999999999996e-05,11.723093748092651,10.640027523040771,10.830661535263062,0.0,1.2853801250457764,0.9999992417413895,0.1800032103962284,,,,,,,,,
84,5505024,2.5199999999999996e-05,2.55e-05,11.714249610900879,10.631514072418213,10.827355146408081,0.0,1.2760252952575684,0.9999993108505507,0.18000265718659406,,,,,,,,,
85,5570560,2.55e-05,2.5799999999999997e-05,11.73266077041626,10.649240970611572,10.83419942855835,0.0,1.2010725736618042,0.9999992469856165,0.18000249547884134,,,,,,,,,
86,5636096,2.5799999999999997e-05,2.6099999999999997e-05,11.702313423156738,10.618890762329102,10.834224224090576,0.0,1.2954493761062622,0.9999993061853456,0.1800044444731322,,,,,,,,,
87,5701632,2.6099999999999997e-05,2.6399999999999998e-05,11.70058822631836,10.617517471313477,10.830706119537354,0.0,1.2848174571990967,0.9999992865224773,0.18000423170185584,,,,,,,,,
88,5767168,2.6399999999999998e-05,2.67e-05,11.685178518295288,10.60206651687622,10.831120252609253,0.0,1.3173067569732666,0.9999992806429798,0.18000538066376032,,,,,,,,,
89,5832704,2.67e-05,2.6999999999999996e-05,11.675623416900635,10.59292459487915,10.826987028121948,0.0,1.34575617313385,0.9999992831000073,0.18000577216021552,,,,,,,,,
90,5898240,2.6999999999999996e-05,2.73e-05,11.680880546569824,10.59806489944458,10.828154563903809,0.0,1.2822190523147583,0.9999992683629807,0.1800054657717578,,,,,,,,,
91,5963776,2.73e-05,2.7599999999999997e-05,11.648966550827026,10.56576681137085,10.831998109817505,0.0,1.3714747428894043,0.9999992815307435,0.18000584024646865,,,,,,,,,
92,6029312,2.7599999999999997e-05,2.7899999999999997e-05,11.63823127746582,10.555913925170898,10.823173999786377,0.0,1.4035595655441284,0.999999384973325,0.18000695515519993,,,,,,,,,
93,6094848,2.7899999999999997e-05,2.8199999999999994e-05,11.630710363388062,10.548305034637451,10.824052095413208,0.0,1.4157695770263672,0.9999993578548605,0.18000843601566185,,,,,,,,,
94,6160384,2.8199999999999994e-05,2.8499999999999998e-05,11.631881713867188,10.54936170578003,10.825199365615845,0.0,1.382063627243042,0.9999993374864138,0.18000816367442216,,,,,,,,,
95,6225920,2.8499999999999998e-05,2.88e-05,11.61071252822876,10.52831220626831,10.824000358581543,0.0,1.4482746124267578,0.9999993859890036,0.18000912537758337,,,,,,,,,
96,6291456,2.88e-05,2.9099999999999996e-05,11.587127208709717,10.50521183013916,10.819154262542725,0.0,1.5161397457122803,0.9999994221957255,0.18000936367491754,,,,,,,,,
97,6356992,2.9099999999999996e-05,2.94e-05,11.593993425369263,10.512048244476318,10.819450378417969,0.0,1.486407995223999,0.9999993519842963,0.18000971260973056,,,,,,,,,
98,6422528,2.94e-05,2.9699999999999997e-05,11.578553915023804,10.496722221374512,10.818317651748657,0.0,1.483025312423706,0.9999993933944792,0.180010946642058,,,,,,,,,
99,6488064,2.9699999999999997e-05,2.9999999999999997e-05,11.562726497650146,10.481460094451904,10.812664985656738,0.0,1.531406044960022,0.9999994011083833,0.1800109636631344,,,,,,,,,
100,6553600,2.9999999999999997e-05,3.0299999999999998e-05,11.544318199157715,10.462958812713623,10.81359601020813,0.0,1.6012647151947021,0.9999994479440935,0.18001058068852605,11.576411247253418,,,,,,,,
