parameter_name,shape,ndim,numel,optimizer,weight_decay
embed_tokens.embedding.weight,49152x704,2,34603008,adamw,0.1
layers.0.attn_norm.weight,704,1,704,adamw,0.1
layers.0.self_attn.query_projection.q_a_norm_weight,352,1,352,adamw,0.1
layers.0.self_attn.query_projection.q_a_proj.weight,352x704,2,247808,muon,0.1
layers.0.self_attn.query_projection.q_b_proj.weight,704x352,2,247808,muon,0.1
layers.0.self_attn.kv_projection.kv_norm_weight,64,1,64,adamw,0.1
layers.0.self_attn.kv_projection.kv_proj.weight,64x704,2,45056,muon,0.1
layers.0.self_attn.kv_augment.compressor.compressor.position_bias,128x64,2,8192,muon,0.1
layers.0.self_attn.kv_augment.compressor.compressor.kv_norm_weight,64,1,64,adamw,0.1
layers.0.self_attn.kv_augment.compressor.compressor.kv_proj.weight,64x704,2,45056,muon,0.1
layers.0.self_attn.kv_augment.compressor.compressor.gate_proj.weight,64x704,2,45056,muon,0.1
layers.0.self_attn.attention_backend.sinks,11,1,11,adamw,0.1
layers.0.self_attn.output_projection.o_a_proj.weight,64x704,2,45056,muon,0.1
layers.0.self_attn.output_projection.o_b_proj.weight,704x64,2,45056,muon,0.1
layers.0.ffn_norm.weight,704,1,704,adamw,0.1
layers.0.ffn.router.proj.weight,16x704,2,11264,adamw,0.1
layers.0.ffn.experts.gate_up_proj,16x1024x704,3,11534336,muon,0.1
layers.0.ffn.experts.down_proj,16x704x512,3,5767168,muon,0.1
layers.0.ffn.shared_experts.expert.up_proj.weight,512x704,2,360448,muon,0.1
layers.0.ffn.shared_experts.expert.gate_proj.weight,512x704,2,360448,muon,0.1
layers.0.ffn.shared_experts.expert.down_proj.weight,704x512,2,360448,muon,0.1
layers.1.attn_norm.weight,704,1,704,adamw,0.1
layers.1.self_attn.query_projection.q_a_norm_weight,352,1,352,adamw,0.1
layers.1.self_attn.query_projection.q_a_proj.weight,352x704,2,247808,muon,0.1
layers.1.self_attn.query_projection.q_b_proj.weight,704x352,2,247808,muon,0.1
layers.1.self_attn.kv_projection.kv_norm_weight,64,1,64,adamw,0.1
layers.1.self_attn.kv_projection.kv_proj.weight,64x704,2,45056,muon,0.1
layers.1.self_attn.kv_augment.compressor.compressor.position_bias,128x64,2,8192,muon,0.1
layers.1.self_attn.kv_augment.compressor.compressor.kv_norm_weight,64,1,64,adamw,0.1
layers.1.self_attn.kv_augment.compressor.compressor.kv_proj.weight,64x704,2,45056,muon,0.1
layers.1.self_attn.kv_augment.compressor.compressor.gate_proj.weight,64x704,2,45056,muon,0.1
layers.1.self_attn.attention_backend.sinks,11,1,11,adamw,0.1
layers.1.self_attn.output_projection.o_a_proj.weight,64x704,2,45056,muon,0.1
layers.1.self_attn.output_projection.o_b_proj.weight,704x64,2,45056,muon,0.1
layers.1.ffn_norm.weight,704,1,704,adamw,0.1
layers.1.ffn.router.proj.weight,16x704,2,11264,adamw,0.1
layers.1.ffn.experts.gate_up_proj,16x1024x704,3,11534336,muon,0.1
layers.1.ffn.experts.down_proj,16x704x512,3,5767168,muon,0.1
layers.1.ffn.shared_experts.expert.up_proj.weight,512x704,2,360448,muon,0.1
layers.1.ffn.shared_experts.expert.gate_proj.weight,512x704,2,360448,muon,0.1
layers.1.ffn.shared_experts.expert.down_proj.weight,704x512,2,360448,muon,0.1
layers.2.attn_norm.weight,704,1,704,adamw,0.1
layers.2.self_attn.query_projection.q_a_norm_weight,352,1,352,adamw,0.1
layers.2.self_attn.query_projection.q_a_proj.weight,352x704,2,247808,muon,0.1
layers.2.self_attn.query_projection.q_b_proj.weight,704x352,2,247808,muon,0.1
layers.2.self_attn.kv_projection.kv_norm_weight,64,1,64,adamw,0.1
layers.2.self_attn.kv_projection.kv_proj.weight,64x704,2,45056,muon,0.1
layers.2.self_attn.kv_augment.compressor.compressor.position_bias,4x128,2,512,muon,0.1
layers.2.self_attn.kv_augment.compressor.compressor.kv_norm_weight,64,1,64,adamw,0.1
layers.2.self_attn.kv_augment.compressor.compressor.kv_proj.weight,128x704,2,90112,muon,0.1
layers.2.self_attn.kv_augment.compressor.compressor.gate_proj.weight,128x704,2,90112,muon,0.1
layers.2.self_attn.kv_augment.compressor.compressor.indexer.position_bias,4x64,2,256,muon,0.1
layers.2.self_attn.kv_augment.compressor.compressor.indexer.kv_norm_weight,32,1,32,adamw,0.1
layers.2.self_attn.kv_augment.compressor.compressor.indexer.kv_proj.weight,64x704,2,45056,muon,0.1
layers.2.self_attn.kv_augment.compressor.compressor.indexer.gate_proj.weight,64x704,2,45056,muon,0.1
layers.2.self_attn.kv_augment.compressor.compressor.indexer.q_b_proj.weight,352x352,2,123904,muon,0.1
layers.2.self_attn.kv_augment.compressor.compressor.indexer.scorer.weights_proj.weight,11x704,2,7744,muon,0.1
layers.2.self_attn.attention_backend.sinks,11,1,11,adamw,0.1
layers.2.self_attn.output_projection.o_a_proj.weight,64x704,2,45056,muon,0.1
layers.2.self_attn.output_projection.o_b_proj.weight,704x64,2,45056,muon,0.1
layers.2.ffn_norm.weight,704,1,704,adamw,0.1
layers.2.ffn.router.proj.weight,16x704,2,11264,adamw,0.1
layers.2.ffn.experts.gate_up_proj,16x1024x704,3,11534336,muon,0.1
layers.2.ffn.experts.down_proj,16x704x512,3,5767168,muon,0.1
layers.2.ffn.shared_experts.expert.up_proj.weight,512x704,2,360448,muon,0.1
layers.2.ffn.shared_experts.expert.gate_proj.weight,512x704,2,360448,muon,0.1
layers.2.ffn.shared_experts.expert.down_proj.weight,704x512,2,360448,muon,0.1
layers.3.attn_norm.weight,704,1,704,adamw,0.1
layers.3.self_attn.query_projection.q_a_norm_weight,352,1,352,adamw,0.1
layers.3.self_attn.query_projection.q_a_proj.weight,352x704,2,247808,muon,0.1
layers.3.self_attn.query_projection.q_b_proj.weight,704x352,2,247808,muon,0.1
layers.3.self_attn.kv_projection.kv_norm_weight,64,1,64,adamw,0.1
layers.3.self_attn.kv_projection.kv_proj.weight,64x704,2,45056,muon,0.1
layers.3.self_attn.kv_augment.compressor.compressor.position_bias,128x64,2,8192,muon,0.1
layers.3.self_attn.kv_augment.compressor.compressor.kv_norm_weight,64,1,64,adamw,0.1
layers.3.self_attn.kv_augment.compressor.compressor.kv_proj.weight,64x704,2,45056,muon,0.1
layers.3.self_attn.kv_augment.compressor.compressor.gate_proj.weight,64x704,2,45056,muon,0.1
layers.3.self_attn.attention_backend.sinks,11,1,11,adamw,0.1
layers.3.self_attn.output_projection.o_a_proj.weight,64x704,2,45056,muon,0.1
layers.3.self_attn.output_projection.o_b_proj.weight,704x64,2,45056,muon,0.1
layers.3.ffn_norm.weight,704,1,704,adamw,0.1
layers.3.ffn.router.proj.weight,16x704,2,11264,adamw,0.1
layers.3.ffn.experts.gate_up_proj,16x1024x704,3,11534336,muon,0.1
layers.3.ffn.experts.down_proj,16x704x512,3,5767168,muon,0.1
layers.3.ffn.shared_experts.expert.up_proj.weight,512x704,2,360448,muon,0.1
layers.3.ffn.shared_experts.expert.gate_proj.weight,512x704,2,360448,muon,0.1
layers.3.ffn.shared_experts.expert.down_proj.weight,704x512,2,360448,muon,0.1
layers.4.attn_norm.weight,704,1,704,adamw,0.1
layers.4.self_attn.query_projection.q_a_norm_weight,352,1,352,adamw,0.1
layers.4.self_attn.query_projection.q_a_proj.weight,352x704,2,247808,muon,0.1
layers.4.self_attn.query_projection.q_b_proj.weight,704x352,2,247808,muon,0.1
layers.4.self_attn.kv_projection.kv_norm_weight,64,1,64,adamw,0.1
layers.4.self_attn.kv_projection.kv_proj.weight,64x704,2,45056,muon,0.1
layers.4.self_attn.kv_augment.compressor.compressor.position_bias,4x128,2,512,muon,0.1
layers.4.self_attn.kv_augment.compressor.compressor.kv_norm_weight,64,1,64,adamw,0.1
layers.4.self_attn.kv_augment.compressor.compressor.kv_proj.weight,128x704,2,90112,muon,0.1
layers.4.self_attn.kv_augment.compressor.compressor.gate_proj.weight,128x704,2,90112,muon,0.1
layers.4.self_attn.kv_augment.compressor.compressor.indexer.position_bias,4x64,2,256,muon,0.1
layers.4.self_attn.kv_augment.compressor.compressor.indexer.kv_norm_weight,32,1,32,adamw,0.1
layers.4.self_attn.kv_augment.compressor.compressor.indexer.kv_proj.weight,64x704,2,45056,muon,0.1
layers.4.self_attn.kv_augment.compressor.compressor.indexer.gate_proj.weight,64x704,2,45056,muon,0.1
layers.4.self_attn.kv_augment.compressor.compressor.indexer.q_b_proj.weight,352x352,2,123904,muon,0.1
layers.4.self_attn.kv_augment.compressor.compressor.indexer.scorer.weights_proj.weight,11x704,2,7744,muon,0.1
layers.4.self_attn.attention_backend.sinks,11,1,11,adamw,0.1
layers.4.self_attn.output_projection.o_a_proj.weight,64x704,2,45056,muon,0.1
layers.4.self_attn.output_projection.o_b_proj.weight,704x64,2,45056,muon,0.1
layers.4.ffn_norm.weight,704,1,704,adamw,0.1
layers.4.ffn.router.proj.weight,16x704,2,11264,adamw,0.1
layers.4.ffn.experts.gate_up_proj,16x1024x704,3,11534336,muon,0.1
layers.4.ffn.experts.down_proj,16x704x512,3,5767168,muon,0.1
layers.4.ffn.shared_experts.expert.up_proj.weight,512x704,2,360448,muon,0.1
layers.4.ffn.shared_experts.expert.gate_proj.weight,512x704,2,360448,muon,0.1
layers.4.ffn.shared_experts.expert.down_proj.weight,704x512,2,360448,muon,0.1
layers.5.attn_norm.weight,704,1,704,adamw,0.1
layers.5.self_attn.query_projection.q_a_norm_weight,352,1,352,adamw,0.1
layers.5.self_attn.query_projection.q_a_proj.weight,352x704,2,247808,muon,0.1
layers.5.self_attn.query_projection.q_b_proj.weight,704x352,2,247808,muon,0.1
layers.5.self_attn.kv_projection.kv_norm_weight,64,1,64,adamw,0.1
layers.5.self_attn.kv_projection.kv_proj.weight,64x704,2,45056,muon,0.1
layers.5.self_attn.kv_augment.compressor.compressor.position_bias,128x64,2,8192,muon,0.1
layers.5.self_attn.kv_augment.compressor.compressor.kv_norm_weight,64,1,64,adamw,0.1
layers.5.self_attn.kv_augment.compressor.compressor.kv_proj.weight,64x704,2,45056,muon,0.1
layers.5.self_attn.kv_augment.compressor.compressor.gate_proj.weight,64x704,2,45056,muon,0.1
layers.5.self_attn.attention_backend.sinks,11,1,11,adamw,0.1
layers.5.self_attn.output_projection.o_a_proj.weight,64x704,2,45056,muon,0.1
layers.5.self_attn.output_projection.o_b_proj.weight,704x64,2,45056,muon,0.1
layers.5.ffn_norm.weight,704,1,704,adamw,0.1
layers.5.ffn.router.proj.weight,16x704,2,11264,adamw,0.1
layers.5.ffn.experts.gate_up_proj,16x1024x704,3,11534336,muon,0.1
layers.5.ffn.experts.down_proj,16x704x512,3,5767168,muon,0.1
layers.5.ffn.shared_experts.expert.up_proj.weight,512x704,2,360448,muon,0.1
layers.5.ffn.shared_experts.expert.gate_proj.weight,512x704,2,360448,muon,0.1
layers.5.ffn.shared_experts.expert.down_proj.weight,704x512,2,360448,muon,0.1
layers.6.attn_norm.weight,704,1,704,adamw,0.1
layers.6.self_attn.query_projection.q_a_norm_weight,352,1,352,adamw,0.1
layers.6.self_attn.query_projection.q_a_proj.weight,352x704,2,247808,muon,0.1
layers.6.self_attn.query_projection.q_b_proj.weight,704x352,2,247808,muon,0.1
layers.6.self_attn.kv_projection.kv_norm_weight,64,1,64,adamw,0.1
layers.6.self_attn.kv_projection.kv_proj.weight,64x704,2,45056,muon,0.1
layers.6.self_attn.kv_augment.compressor.compressor.position_bias,4x128,2,512,muon,0.1
layers.6.self_attn.kv_augment.compressor.compressor.kv_norm_weight,64,1,64,adamw,0.1
layers.6.self_attn.kv_augment.compressor.compressor.kv_proj.weight,128x704,2,90112,muon,0.1
layers.6.self_attn.kv_augment.compressor.compressor.gate_proj.weight,128x704,2,90112,muon,0.1
layers.6.self_attn.kv_augment.compressor.compressor.indexer.position_bias,4x64,2,256,muon,0.1
layers.6.self_attn.kv_augment.compressor.compressor.indexer.kv_norm_weight,32,1,32,adamw,0.1
layers.6.self_attn.kv_augment.compressor.compressor.indexer.kv_proj.weight,64x704,2,45056,muon,0.1
layers.6.self_attn.kv_augment.compressor.compressor.indexer.gate_proj.weight,64x704,2,45056,muon,0.1
layers.6.self_attn.kv_augment.compressor.compressor.indexer.q_b_proj.weight,352x352,2,123904,muon,0.1
layers.6.self_attn.kv_augment.compressor.compressor.indexer.scorer.weights_proj.weight,11x704,2,7744,muon,0.1
layers.6.self_attn.attention_backend.sinks,11,1,11,adamw,0.1
layers.6.self_attn.output_projection.o_a_proj.weight,64x704,2,45056,muon,0.1
layers.6.self_attn.output_projection.o_b_proj.weight,704x64,2,45056,muon,0.1
layers.6.ffn_norm.weight,704,1,704,adamw,0.1
layers.6.ffn.router.proj.weight,16x704,2,11264,adamw,0.1
layers.6.ffn.experts.gate_up_proj,16x1024x704,3,11534336,muon,0.1
layers.6.ffn.experts.down_proj,16x704x512,3,5767168,muon,0.1
layers.6.ffn.shared_experts.expert.up_proj.weight,512x704,2,360448,muon,0.1
layers.6.ffn.shared_experts.expert.gate_proj.weight,512x704,2,360448,muon,0.1
layers.6.ffn.shared_experts.expert.down_proj.weight,704x512,2,360448,muon,0.1
layers.7.attn_norm.weight,704,1,704,adamw,0.1
layers.7.self_attn.query_projection.q_a_norm_weight,352,1,352,adamw,0.1
layers.7.self_attn.query_projection.q_a_proj.weight,352x704,2,247808,muon,0.1
layers.7.self_attn.query_projection.q_b_proj.weight,704x352,2,247808,muon,0.1
layers.7.self_attn.kv_projection.kv_norm_weight,64,1,64,adamw,0.1
layers.7.self_attn.kv_projection.kv_proj.weight,64x704,2,45056,muon,0.1
layers.7.self_attn.kv_augment.compressor.compressor.position_bias,128x64,2,8192,muon,0.1
layers.7.self_attn.kv_augment.compressor.compressor.kv_norm_weight,64,1,64,adamw,0.1
layers.7.self_attn.kv_augment.compressor.compressor.kv_proj.weight,64x704,2,45056,muon,0.1
layers.7.self_attn.kv_augment.compressor.compressor.gate_proj.weight,64x704,2,45056,muon,0.1
layers.7.self_attn.attention_backend.sinks,11,1,11,adamw,0.1
layers.7.self_attn.output_projection.o_a_proj.weight,64x704,2,45056,muon,0.1
layers.7.self_attn.output_projection.o_b_proj.weight,704x64,2,45056,muon,0.1
layers.7.ffn_norm.weight,704,1,704,adamw,0.1
layers.7.ffn.router.proj.weight,16x704,2,11264,adamw,0.1
layers.7.ffn.experts.gate_up_proj,16x1024x704,3,11534336,muon,0.1
layers.7.ffn.experts.down_proj,16x704x512,3,5767168,muon,0.1
layers.7.ffn.shared_experts.expert.up_proj.weight,512x704,2,360448,muon,0.1
layers.7.ffn.shared_experts.expert.gate_proj.weight,512x704,2,360448,muon,0.1
layers.7.ffn.shared_experts.expert.down_proj.weight,704x512,2,360448,muon,0.1
layers.8.attn_norm.weight,704,1,704,adamw,0.1
layers.8.self_attn.query_projection.q_a_norm_weight,352,1,352,adamw,0.1
layers.8.self_attn.query_projection.q_a_proj.weight,352x704,2,247808,muon,0.1
layers.8.self_attn.query_projection.q_b_proj.weight,704x352,2,247808,muon,0.1
layers.8.self_attn.kv_projection.kv_norm_weight,64,1,64,adamw,0.1
layers.8.self_attn.kv_projection.kv_proj.weight,64x704,2,45056,muon,0.1
layers.8.self_attn.kv_augment.compressor.compressor.position_bias,4x128,2,512,muon,0.1
layers.8.self_attn.kv_augment.compressor.compressor.kv_norm_weight,64,1,64,adamw,0.1
layers.8.self_attn.kv_augment.compressor.compressor.kv_proj.weight,128x704,2,90112,muon,0.1
layers.8.self_attn.kv_augment.compressor.compressor.gate_proj.weight,128x704,2,90112,muon,0.1
layers.8.self_attn.kv_augment.compressor.compressor.indexer.position_bias,4x64,2,256,muon,0.1
layers.8.self_attn.kv_augment.compressor.compressor.indexer.kv_norm_weight,32,1,32,adamw,0.1
layers.8.self_attn.kv_augment.compressor.compressor.indexer.kv_proj.weight,64x704,2,45056,muon,0.1
layers.8.self_attn.kv_augment.compressor.compressor.indexer.gate_proj.weight,64x704,2,45056,muon,0.1
layers.8.self_attn.kv_augment.compressor.compressor.indexer.q_b_proj.weight,352x352,2,123904,muon,0.1
layers.8.self_attn.kv_augment.compressor.compressor.indexer.scorer.weights_proj.weight,11x704,2,7744,muon,0.1
layers.8.self_attn.attention_backend.sinks,11,1,11,adamw,0.1
layers.8.self_attn.output_projection.o_a_proj.weight,64x704,2,45056,muon,0.1
layers.8.self_attn.output_projection.o_b_proj.weight,704x64,2,45056,muon,0.1
layers.8.ffn_norm.weight,704,1,704,adamw,0.1
layers.8.ffn.router.proj.weight,16x704,2,11264,adamw,0.1
layers.8.ffn.experts.gate_up_proj,16x1024x704,3,11534336,muon,0.1
layers.8.ffn.experts.down_proj,16x704x512,3,5767168,muon,0.1
layers.8.ffn.shared_experts.expert.up_proj.weight,512x704,2,360448,muon,0.1
layers.8.ffn.shared_experts.expert.gate_proj.weight,512x704,2,360448,muon,0.1
layers.8.ffn.shared_experts.expert.down_proj.weight,704x512,2,360448,muon,0.1
layers.9.attn_norm.weight,704,1,704,adamw,0.1
layers.9.self_attn.query_projection.q_a_norm_weight,352,1,352,adamw,0.1
layers.9.self_attn.query_projection.q_a_proj.weight,352x704,2,247808,muon,0.1
layers.9.self_attn.query_projection.q_b_proj.weight,704x352,2,247808,muon,0.1
layers.9.self_attn.kv_projection.kv_norm_weight,64,1,64,adamw,0.1
layers.9.self_attn.kv_projection.kv_proj.weight,64x704,2,45056,muon,0.1
layers.9.self_attn.kv_augment.compressor.compressor.position_bias,128x64,2,8192,muon,0.1
layers.9.self_attn.kv_augment.compressor.compressor.kv_norm_weight,64,1,64,adamw,0.1
layers.9.self_attn.kv_augment.compressor.compressor.kv_proj.weight,64x704,2,45056,muon,0.1
layers.9.self_attn.kv_augment.compressor.compressor.gate_proj.weight,64x704,2,45056,muon,0.1
layers.9.self_attn.attention_backend.sinks,11,1,11,adamw,0.1
layers.9.self_attn.output_projection.o_a_proj.weight,64x704,2,45056,muon,0.1
layers.9.self_attn.output_projection.o_b_proj.weight,704x64,2,45056,muon,0.1
layers.9.ffn_norm.weight,704,1,704,adamw,0.1
layers.9.ffn.router.proj.weight,16x704,2,11264,adamw,0.1
layers.9.ffn.experts.gate_up_proj,16x1024x704,3,11534336,muon,0.1
layers.9.ffn.experts.down_proj,16x704x512,3,5767168,muon,0.1
layers.9.ffn.shared_experts.expert.up_proj.weight,512x704,2,360448,muon,0.1
layers.9.ffn.shared_experts.expert.gate_proj.weight,512x704,2,360448,muon,0.1
layers.9.ffn.shared_experts.expert.down_proj.weight,704x512,2,360448,muon,0.1
layers.10.attn_norm.weight,704,1,704,adamw,0.1
layers.10.self_attn.query_projection.q_a_norm_weight,352,1,352,adamw,0.1
layers.10.self_attn.query_projection.q_a_proj.weight,352x704,2,247808,muon,0.1
layers.10.self_attn.query_projection.q_b_proj.weight,704x352,2,247808,muon,0.1
layers.10.self_attn.kv_projection.kv_norm_weight,64,1,64,adamw,0.1
layers.10.self_attn.kv_projection.kv_proj.weight,64x704,2,45056,muon,0.1
layers.10.self_attn.kv_augment.compressor.compressor.position_bias,4x128,2,512,muon,0.1
layers.10.self_attn.kv_augment.compressor.compressor.kv_norm_weight,64,1,64,adamw,0.1
layers.10.self_attn.kv_augment.compressor.compressor.kv_proj.weight,128x704,2,90112,muon,0.1
layers.10.self_attn.kv_augment.compressor.compressor.gate_proj.weight,128x704,2,90112,muon,0.1
layers.10.self_attn.kv_augment.compressor.compressor.indexer.position_bias,4x64,2,256,muon,0.1
layers.10.self_attn.kv_augment.compressor.compressor.indexer.kv_norm_weight,32,1,32,adamw,0.1
layers.10.self_attn.kv_augment.compressor.compressor.indexer.kv_proj.weight,64x704,2,45056,muon,0.1
layers.10.self_attn.kv_augment.compressor.compressor.indexer.gate_proj.weight,64x704,2,45056,muon,0.1
layers.10.self_attn.kv_augment.compressor.compressor.indexer.q_b_proj.weight,352x352,2,123904,muon,0.1
layers.10.self_attn.kv_augment.compressor.compressor.indexer.scorer.weights_proj.weight,11x704,2,7744,muon,0.1
layers.10.self_attn.attention_backend.sinks,11,1,11,adamw,0.1
layers.10.self_attn.output_projection.o_a_proj.weight,64x704,2,45056,muon,0.1
layers.10.self_attn.output_projection.o_b_proj.weight,704x64,2,45056,muon,0.1
layers.10.ffn_norm.weight,704,1,704,adamw,0.1
layers.10.ffn.router.proj.weight,16x704,2,11264,adamw,0.1
layers.10.ffn.experts.gate_up_proj,16x1024x704,3,11534336,muon,0.1
layers.10.ffn.experts.down_proj,16x704x512,3,5767168,muon,0.1
layers.10.ffn.shared_experts.expert.up_proj.weight,512x704,2,360448,muon,0.1
layers.10.ffn.shared_experts.expert.gate_proj.weight,512x704,2,360448,muon,0.1
layers.10.ffn.shared_experts.expert.down_proj.weight,704x512,2,360448,muon,0.1
layers.11.attn_norm.weight,704,1,704,adamw,0.1
layers.11.self_attn.query_projection.q_a_norm_weight,352,1,352,adamw,0.1
layers.11.self_attn.query_projection.q_a_proj.weight,352x704,2,247808,muon,0.1
layers.11.self_attn.query_projection.q_b_proj.weight,704x352,2,247808,muon,0.1
layers.11.self_attn.kv_projection.kv_norm_weight,64,1,64,adamw,0.1
layers.11.self_attn.kv_projection.kv_proj.weight,64x704,2,45056,muon,0.1
layers.11.self_attn.kv_augment.compressor.compressor.position_bias,128x64,2,8192,muon,0.1
layers.11.self_attn.kv_augment.compressor.compressor.kv_norm_weight,64,1,64,adamw,0.1
layers.11.self_attn.kv_augment.compressor.compressor.kv_proj.weight,64x704,2,45056,muon,0.1
layers.11.self_attn.kv_augment.compressor.compressor.gate_proj.weight,64x704,2,45056,muon,0.1
layers.11.self_attn.attention_backend.sinks,11,1,11,adamw,0.1
layers.11.self_attn.output_projection.o_a_proj.weight,64x704,2,45056,muon,0.1
layers.11.self_attn.output_projection.o_b_proj.weight,704x64,2,45056,muon,0.1
layers.11.ffn_norm.weight,704,1,704,adamw,0.1
layers.11.ffn.router.proj.weight,16x704,2,11264,adamw,0.1
layers.11.ffn.experts.gate_up_proj,16x1024x704,3,11534336,muon,0.1
layers.11.ffn.experts.down_proj,16x704x512,3,5767168,muon,0.1
layers.11.ffn.shared_experts.expert.up_proj.weight,512x704,2,360448,muon,0.1
layers.11.ffn.shared_experts.expert.gate_proj.weight,512x704,2,360448,muon,0.1
layers.11.ffn.shared_experts.expert.down_proj.weight,704x512,2,360448,muon,0.1
layers.12.attn_norm.weight,704,1,704,adamw,0.1
layers.12.self_attn.query_projection.q_a_norm_weight,352,1,352,adamw,0.1
layers.12.self_attn.query_projection.q_a_proj.weight,352x704,2,247808,muon,0.1
layers.12.self_attn.query_projection.q_b_proj.weight,704x352,2,247808,muon,0.1
layers.12.self_attn.kv_projection.kv_norm_weight,64,1,64,adamw,0.1
layers.12.self_attn.kv_projection.kv_proj.weight,64x704,2,45056,muon,0.1
layers.12.self_attn.kv_augment.compressor.compressor.position_bias,4x128,2,512,muon,0.1
layers.12.self_attn.kv_augment.compressor.compressor.kv_norm_weight,64,1,64,adamw,0.1
layers.12.self_attn.kv_augment.compressor.compressor.kv_proj.weight,128x704,2,90112,muon,0.1
layers.12.self_attn.kv_augment.compressor.compressor.gate_proj.weight,128x704,2,90112,muon,0.1
layers.12.self_attn.kv_augment.compressor.compressor.indexer.position_bias,4x64,2,256,muon,0.1
layers.12.self_attn.kv_augment.compressor.compressor.indexer.kv_norm_weight,32,1,32,adamw,0.1
layers.12.self_attn.kv_augment.compressor.compressor.indexer.kv_proj.weight,64x704,2,45056,muon,0.1
layers.12.self_attn.kv_augment.compressor.compressor.indexer.gate_proj.weight,64x704,2,45056,muon,0.1
layers.12.self_attn.kv_augment.compressor.compressor.indexer.q_b_proj.weight,352x352,2,123904,muon,0.1
layers.12.self_attn.kv_augment.compressor.compressor.indexer.scorer.weights_proj.weight,11x704,2,7744,muon,0.1
layers.12.self_attn.attention_backend.sinks,11,1,11,adamw,0.1
layers.12.self_attn.output_projection.o_a_proj.weight,64x704,2,45056,muon,0.1
layers.12.self_attn.output_projection.o_b_proj.weight,704x64,2,45056,muon,0.1
layers.12.ffn_norm.weight,704,1,704,adamw,0.1
layers.12.ffn.router.proj.weight,16x704,2,11264,adamw,0.1
layers.12.ffn.experts.gate_up_proj,16x1024x704,3,11534336,muon,0.1
layers.12.ffn.experts.down_proj,16x704x512,3,5767168,muon,0.1
layers.12.ffn.shared_experts.expert.up_proj.weight,512x704,2,360448,muon,0.1
layers.12.ffn.shared_experts.expert.gate_proj.weight,512x704,2,360448,muon,0.1
layers.12.ffn.shared_experts.expert.down_proj.weight,704x512,2,360448,muon,0.1
layers.13.attn_norm.weight,704,1,704,adamw,0.1
layers.13.self_attn.query_projection.q_a_norm_weight,352,1,352,adamw,0.1
layers.13.self_attn.query_projection.q_a_proj.weight,352x704,2,247808,muon,0.1
layers.13.self_attn.query_projection.q_b_proj.weight,704x352,2,247808,muon,0.1
layers.13.self_attn.kv_projection.kv_norm_weight,64,1,64,adamw,0.1
layers.13.self_attn.kv_projection.kv_proj.weight,64x704,2,45056,muon,0.1
layers.13.self_attn.kv_augment.compressor.compressor.position_bias,128x64,2,8192,muon,0.1
layers.13.self_attn.kv_augment.compressor.compressor.kv_norm_weight,64,1,64,adamw,0.1
layers.13.self_attn.kv_augment.compressor.compressor.kv_proj.weight,64x704,2,45056,muon,0.1
layers.13.self_attn.kv_augment.compressor.compressor.gate_proj.weight,64x704,2,45056,muon,0.1
layers.13.self_attn.attention_backend.sinks,11,1,11,adamw,0.1
layers.13.self_attn.output_projection.o_a_proj.weight,64x704,2,45056,muon,0.1
layers.13.self_attn.output_projection.o_b_proj.weight,704x64,2,45056,muon,0.1
layers.13.ffn_norm.weight,704,1,704,adamw,0.1
layers.13.ffn.router.proj.weight,16x704,2,11264,adamw,0.1
layers.13.ffn.experts.gate_up_proj,16x1024x704,3,11534336,muon,0.1
layers.13.ffn.experts.down_proj,16x704x512,3,5767168,muon,0.1
layers.13.ffn.shared_experts.expert.up_proj.weight,512x704,2,360448,muon,0.1
layers.13.ffn.shared_experts.expert.gate_proj.weight,512x704,2,360448,muon,0.1
layers.13.ffn.shared_experts.expert.down_proj.weight,704x512,2,360448,muon,0.1
layers.14.attn_norm.weight,704,1,704,adamw,0.1
layers.14.self_attn.query_projection.q_a_norm_weight,352,1,352,adamw,0.1
layers.14.self_attn.query_projection.q_a_proj.weight,352x704,2,247808,muon,0.1
layers.14.self_attn.query_projection.q_b_proj.weight,704x352,2,247808,muon,0.1
layers.14.self_attn.kv_projection.kv_norm_weight,64,1,64,adamw,0.1
layers.14.self_attn.kv_projection.kv_proj.weight,64x704,2,45056,muon,0.1
layers.14.self_attn.kv_augment.compressor.compressor.position_bias,4x128,2,512,muon,0.1
layers.14.self_attn.kv_augment.compressor.compressor.kv_norm_weight,64,1,64,adamw,0.1
layers.14.self_attn.kv_augment.compressor.compressor.kv_proj.weight,128x704,2,90112,muon,0.1
layers.14.self_attn.kv_augment.compressor.compressor.gate_proj.weight,128x704,2,90112,muon,0.1
layers.14.self_attn.kv_augment.compressor.compressor.indexer.position_bias,4x64,2,256,muon,0.1
layers.14.self_attn.kv_augment.compressor.compressor.indexer.kv_norm_weight,32,1,32,adamw,0.1
layers.14.self_attn.kv_augment.compressor.compressor.indexer.kv_proj.weight,64x704,2,45056,muon,0.1
layers.14.self_attn.kv_augment.compressor.compressor.indexer.gate_proj.weight,64x704,2,45056,muon,0.1
layers.14.self_attn.kv_augment.compressor.compressor.indexer.q_b_proj.weight,352x352,2,123904,muon,0.1
layers.14.self_attn.kv_augment.compressor.compressor.indexer.scorer.weights_proj.weight,11x704,2,7744,muon,0.1
layers.14.self_attn.attention_backend.sinks,11,1,11,adamw,0.1
layers.14.self_attn.output_projection.o_a_proj.weight,64x704,2,45056,muon,0.1
layers.14.self_attn.output_projection.o_b_proj.weight,704x64,2,45056,muon,0.1
layers.14.ffn_norm.weight,704,1,704,adamw,0.1
layers.14.ffn.router.proj.weight,16x704,2,11264,adamw,0.1
layers.14.ffn.experts.gate_up_proj,16x1024x704,3,11534336,muon,0.1
layers.14.ffn.experts.down_proj,16x704x512,3,5767168,muon,0.1
layers.14.ffn.shared_experts.expert.up_proj.weight,512x704,2,360448,muon,0.1
layers.14.ffn.shared_experts.expert.gate_proj.weight,512x704,2,360448,muon,0.1
layers.14.ffn.shared_experts.expert.down_proj.weight,704x512,2,360448,muon,0.1
layers.15.attn_norm.weight,704,1,704,adamw,0.1
layers.15.self_attn.query_projection.q_a_norm_weight,352,1,352,adamw,0.1
layers.15.self_attn.query_projection.q_a_proj.weight,352x704,2,247808,muon,0.1
layers.15.self_attn.query_projection.q_b_proj.weight,704x352,2,247808,muon,0.1
layers.15.self_attn.kv_projection.kv_norm_weight,64,1,64,adamw,0.1
layers.15.self_attn.kv_projection.kv_proj.weight,64x704,2,45056,muon,0.1
layers.15.self_attn.kv_augment.compressor.compressor.position_bias,128x64,2,8192,muon,0.1
layers.15.self_attn.kv_augment.compressor.compressor.kv_norm_weight,64,1,64,adamw,0.1
layers.15.self_attn.kv_augment.compressor.compressor.kv_proj.weight,64x704,2,45056,muon,0.1
layers.15.self_attn.kv_augment.compressor.compressor.gate_proj.weight,64x704,2,45056,muon,0.1
layers.15.self_attn.attention_backend.sinks,11,1,11,adamw,0.1
layers.15.self_attn.output_projection.o_a_proj.weight,64x704,2,45056,muon,0.1
layers.15.self_attn.output_projection.o_b_proj.weight,704x64,2,45056,muon,0.1
layers.15.ffn_norm.weight,704,1,704,adamw,0.1
layers.15.ffn.router.proj.weight,16x704,2,11264,adamw,0.1
layers.15.ffn.experts.gate_up_proj,16x1024x704,3,11534336,muon,0.1
layers.15.ffn.experts.down_proj,16x704x512,3,5767168,muon,0.1
layers.15.ffn.shared_experts.expert.up_proj.weight,512x704,2,360448,muon,0.1
layers.15.ffn.shared_experts.expert.gate_proj.weight,512x704,2,360448,muon,0.1
layers.15.ffn.shared_experts.expert.down_proj.weight,704x512,2,360448,muon,0.1
final_norm.weight,704,1,704,adamw,0.1
lm_head.proj.weight,49152x704,2,34603008,adamw,0.1
mtp.transformer_block.layer.attn_norm.weight,704,1,704,adamw,0.1
mtp.transformer_block.layer.self_attn.query_projection.q_a_norm_weight,352,1,352,adamw,0.1
mtp.transformer_block.layer.self_attn.query_projection.q_a_proj.weight,352x704,2,247808,muon,0.1
mtp.transformer_block.layer.self_attn.query_projection.q_b_proj.weight,704x352,2,247808,muon,0.1
mtp.transformer_block.layer.self_attn.kv_projection.kv_norm_weight,64,1,64,adamw,0.1
mtp.transformer_block.layer.self_attn.kv_projection.kv_proj.weight,64x704,2,45056,muon,0.1
mtp.transformer_block.layer.self_attn.attention_backend.sinks,11,1,11,adamw,0.1
mtp.transformer_block.layer.self_attn.output_projection.o_a_proj.weight,64x704,2,45056,muon,0.1
mtp.transformer_block.layer.self_attn.output_projection.o_b_proj.weight,704x64,2,45056,muon,0.1
mtp.transformer_block.layer.ffn_norm.weight,704,1,704,adamw,0.1
mtp.transformer_block.layer.ffn.router.proj.weight,16x704,2,11264,adamw,0.1
mtp.transformer_block.layer.ffn.experts.gate_up_proj,16x1024x704,3,11534336,muon,0.1
mtp.transformer_block.layer.ffn.experts.down_proj,16x704x512,3,5767168,muon,0.1
mtp.transformer_block.layer.ffn.shared_experts.expert.up_proj.weight,512x704,2,360448,muon,0.1
mtp.transformer_block.layer.ffn.shared_experts.expert.gate_proj.weight,512x704,2,360448,muon,0.1
mtp.transformer_block.layer.ffn.shared_experts.expert.down_proj.weight,704x512,2,360448,muon,0.1
mtp.hidden_norm.weight,704,1,704,adamw,0.1
mtp.embedding_norm.weight,704,1,704,adamw,0.1
mtp.combine_proj.weight,704x1408,2,991232,muon,0.1
